,brand_name,brand_type,type
0,奥迪,1,1
1,一汽-大众奥迪,1,2
2,奥迪A3两厢,1,3
3,奥迪A3三厢,1,3
4,奥迪A4L,1,3
5,奥迪A6L,1,3
6,奥迪Q2L,1,3
7,奥迪Q2L e-tron,1,3
8,奥迪Q3,1,3
9,奥迪Q5L,1,3
10,进口奥迪,1,2
11,奥迪A3,1,3
12,奥迪A4 Allroad,1,3
13,奥迪A5,1,3
14,奥迪A6 Avant,1,3
15,奥迪A6 Allroad,1,3
16,奥迪A7,1,3
17,奥迪A8L,1,3
18,奥迪Q7,1,3
19,奥迪Q7 e-tron,1,3
20,奥迪Q8,1,3
21,奥迪TT,1,3
22,奥迪e-tron,1,3
23,Audi Sport,1,2
24,奥迪S3,1,3
25,奥迪S4,1,3
26,奥迪S5,1,3
27,奥迪S6,1,3
28,奥迪S7,1,3
29,奥迪TTS,1,3
30,奥迪RS3,1,3
31,奥迪RS4 Avant,1,3
32,奥迪RS5,1,3
33,奥迪RS6 Avant,1,3
34,奥迪RS7,1,3
35,奥迪TT RS,1,3
36,奥迪R8,1,3
37,阿尔法·罗密欧,2,1
38,阿尔法·罗密欧,2,2
39,Giulia,2,3
40,Stelvio,2,3
41,阿斯顿·马丁,3,1
42,阿斯顿·马丁,3,2
43,Rapide,3,3
44,Rapide E,3,3
45,V8 Vantage,3,3
46,Vanquish,3,3
47,DB11,3,3
48,DBS,3,3
49,ARCFOX,4,1
50,北汽集团,4,2
51,ARCFOX-7,4,3
52,ALPINA,5,1
53,ALPINA,5,2
54,ALPINA B4,5,3
55,爱驰,6,1
56,爱驰,6,2
57,爱驰U5,6,3
58,艾康尼克,7,1
59,艾康尼克,7,2
60,艾康尼克七系,7,3
61,奔驰,8,1
62,进口奔驰,8,2
63,奔驰B级,8,3
64,奔驰CLA级,8,3
65,奔驰C级,8,3
66,奔驰C级旅行版,8,3
67,奔驰E级,8,3
68,奔驰CLS级,8,3
69,奔驰S级,8,3
70,奔驰GLC,8,3
71,奔驰GLE,8,3
72,奔驰GLS,8,3
73,奔驰G级,8,3
74,奔驰R级,8,3
75,奔驰SLC级,8,3
76,奔驰SL级,8,3
77,梅赛德斯-AMG,8,2
78,奔驰A级AMG,8,3
79,奔驰CLA AMG,8,3
80,奔驰C AMG,8,3
81,奔驰E AMG,8,3
82,奔驰S AMG,8,3
83,奔驰GLA AMG,8,3
84,奔驰GLC AMG,8,3
85,奔驰GLE AMG,8,3
86,奔驰GLS AMG,8,3
87,奔驰G AMG,8,3
88,奔驰AMG GT,8,3
89,梅赛德斯-迈巴赫,8,2
90,迈巴赫S级,8,3
91,迈巴赫G级,8,3
92,北京奔驰,8,2
93,奔驰A级,8,3
94,奔驰A级AMG,8,3
95,奔驰C级,8,3
96,奔驰E级,8,3
97,奔驰GLA,8,3
98,奔驰GLC,8,3
99,奔驰EQC,8,3
100,福建奔驰,8,2
101,奔驰V级,8,3
102,威霆,8,3
103,凌特,8,3
104,梅赛德斯-EQ,8,2
105,奔驰EQC,8,3
106,宝马,9,1
107,华晨宝马,9,2
108,宝马1系,9,3
109,宝马2系旅行车,9,3
110,宝马3系,9,3
111,宝马5系,9,3
112,宝马5系Le,9,3
113,宝马X1,9,3
114,宝马X1插电混动,9,3
115,宝马X3,9,3
116,进口宝马,9,2
117,宝马1系两厢,9,3
118,宝马2系,9,3
119,宝马2系Gran Tourer,9,3
120,宝马3系GT,9,3
121,宝马4系,9,3
122,宝马5系,9,3
123,宝马6系,9,3
124,宝马6系GT,9,3
125,宝马7系,9,3
126,宝马X2,9,3
127,宝马X4,9,3
128,宝马X5,9,3
129,宝马X6,9,3
130,宝马X7,9,3
131,宝马Z4,9,3
132,宝马8系,9,3
133,宝马M,9,2
134,宝马M2,9,3
135,宝马M3,9,3
136,宝马M4,9,3
137,宝马M5,9,3
138,宝马M6,9,3
139,宝马X3M,9,3
140,宝马X4M,9,3
141,宝马X5M,9,3
142,宝马X6M,9,3
143,宝马i,10,1
144,宝马i,10,2
145,宝马i3,10,3
146,宝马i8,10,3
147,宝骏,11,1
148,上汽通用五菱,11,2
149,宝骏E100,11,3
150,宝骏E200,11,3
151,宝骏310,11,3
152,宝骏310W,11,3
153,宝骏510,11,3
154,宝骏530,11,3
155,宝骏RS-5,11,3
156,宝骏360,11,3
157,宝骏730,11,3
158,宝骏RC-6,11,3
159,宝骏CN202M,11,3
160,保时捷,12,1
161,保时捷,12,2
162,Panamera,12,3
163,Panamera新能源,12,3
164,Macan,12,3
165,Cayenne,12,3
166,Cayenne新能源,12,3
167,保时捷718,12,3
168,保时捷911,12,3
169,别克,13,1
170,上汽通用别克,13,2
171,凯越,13,3
172,英朗,13,3
173,阅朗,13,3
174,威朗两厢,13,3
175,威朗,13,3
176,君威,13,3
177,君越,13,3
178,VELITE 5,13,3
179,VELITE 6,13,3
180,别克GL6,13,3
181,别克GL8,13,3
182,昂科拉,13,3
183,昂科拉GX,13,3
184,昂科威,13,3
185,进口别克,13,2
186,昂科雷,13,3
187,本田,14,1
188,广汽本田,14,2
189,飞度,14,3
190,锋范,14,3
191,凌派,14,3
192,雅阁,14,3
193,缤智,14,3
194,冠道,14,3
195,奥德赛,14,3
196,东风本田,14,2
197,竞瑞,14,3
198,哥瑞,14,3
199,享域,14,3
200,思域,14,3
201,杰德,14,3
202,思铂睿,14,3
203,本田INSPIRE,14,3
204,本田XR-V,14,3
205,本田CR-V,14,3
206,本田UR-V,14,3
207,艾力绅,14,3
208,标致,15,1
209,东风标致,15,2
210,标致301,15,3
211,标致308,15,3
212,标致408,15,3
213,标致508,15,3
214,标致508L PHEV,15,3
215,标致2008,15,3
216,标致3008,15,3
217,标致4008,15,3
218,标致5008,15,3
219,奔腾,16,1
220,一汽奔腾,16,2
221,奔腾B30,16,3
222,奔腾B30EV,16,3
223,奔腾B50,16,3
224,奔腾B70,16,3
225,奔腾B90,16,3
226,奔腾X40,16,3
227,奔腾X40EV,16,3
228,奔腾T33,16,3
229,奔腾T77,16,3
230,奔腾X80,16,3
231,宝沃,17,1
232,宝沃,17,2
233,宝沃BX3,17,3
234,宝沃BX5,17,3
235,宝沃BX6,17,3
236,宝沃BX7,17,3
237,宝沃BXi7,17,3
238,比亚迪,18,1
239,比亚迪,18,2
240,比亚迪F3,18,3
241,速锐,18,3
242,比亚迪e1,18,3
243,比亚迪e2,18,3
244,比亚迪e5,18,3
245,秦DM,18,3
246,秦EV,18,3
247,秦Pro,18,3
248,秦Pro DM,18,3
249,秦Pro EV,18,3
250,比亚迪S2,18,3
251,元,18,3
252,元EV,18,3
253,宋,18,3
254,宋DM,18,3
255,宋EV,18,3
256,宋Pro,18,3
257,宋Pro DM,18,3
258,宋Pro EV,18,3
259,宋MAX,18,3
260,宋MAX DM,18,3
261,宋MAX EV,18,3
262,唐,18,3
263,唐DM,18,3
264,唐EV,18,3
265,比亚迪e6,18,3
266,比亚迪e-SEED GT,18,3
267,宾利,19,1
268,宾利,19,2
269,欧陆,19,3
270,飞驰,19,3
271,慕尚,19,3
272,添越,19,3
273,添越PHEV,19,3
274,北京,20,1
275,北京汽车,20,2
276,北京BJ20,20,3
277,北京BJ40,20,3
278,北京BJ80,20,3
279,北京BJ90,20,3
280,北京汽车,21,1
281,北京汽车,21,2
282,绅宝D50,21,3
283,绅宝D70,21,3
284,绅宝X25,21,3
285,绅宝X35,21,3
286,绅宝X55,21,3
287,绅宝X65,21,3
288,智道,21,3
289,智达X3,21,3
290,智行,21,3
291,北汽新能源,22,1
292,北汽新能源,22,2
293,EC系列,22,3
294,EC3,22,3
295,EC5,22,3
296,EU系列,22,3
297,EU5,22,3
298,EU7,22,3
299,EX360,22,3
300,EX3,22,3
301,EX5,22,3
302,北汽制造,23,1
303,北京汽车,23,2
304,BJ 212,23,3
305,战旗,23,3
306,北京BW007,23,3
307,勇士,23,3
308,勇士皮卡,23,3
309,锐铃,23,3
310,北汽昌河,24,1
311,北汽昌河,24,2
312,昌河北斗星,24,3
313,北斗星X5E,24,3
314,北汽昌河A6,24,3
315,北汽昌河Q25,24,3
316,北汽昌河Q35,24,3
317,北汽昌河Q7,24,3
318,北汽昌河M50,24,3
319,北汽昌河M70,24,3
320,北汽幻速,25,1
321,北汽幻速,25,2
322,幻速S2,25,3
323,幻速S3,25,3
324,幻速S3L,25,3
325,幻速S3X,25,3
326,幻速S5,25,3
327,幻速S6,25,3
328,幻速S7,25,3
329,幻速C60,25,3
330,幻速H2,25,3
331,幻速H2V,25,3
332,幻速H3,25,3
333,幻速H3F,25,3
334,幻速H5,25,3
335,幻速H6,25,3
336,北汽威旺,26,1
337,北京汽车,26,2
338,威旺S50,26,3
339,威旺M20,26,3
340,威旺M30,26,3
341,威旺M35,26,3
342,威旺M50F,26,3
343,威旺M60,26,3
344,威旺306,26,3
345,威旺407EV,26,3
346,北汽道达,27,1
347,北汽瑞丽,27,2
348,道达V8,27,3
349,北京清行,28,1
350,北京清行,28,2
351,竞克400,28,3
352,比速汽车,29,1
353,比速汽车,29,2
354,比速T3,29,3
355,比速T5,29,3
356,比速T7,29,3
357,比速M3,29,3
358,博郡汽车,30,1
359,博郡汽车,30,2
360,博郡iV6,30,3
361,博郡iV7,30,3
362,拜腾,31,1
363,拜腾汽车,31,2
364,K-Byte Concept,31,3
365,M-Byte Concept,31,3
366,长城,32,1
367,长城汽车,32,2
368,长城C30EV,32,3
369,风骏5,32,3
370,风骏6,32,3
371,风骏7,32,3
372,炮,32,3
373,炮EV,32,3
374,长安,33,1
375,长安汽车,33,2
376,奔奔,33,3
377,悦翔,33,3
378,逸动XT,33,3
379,逸动DT,33,3
380,逸动,33,3
381,睿骋,33,3
382,睿骋CC,33,3
383,长安CS15,33,3
384,长安CS35,33,3
385,长安CS35PLUS,33,3
386,长安CS55,33,3
387,长安CS75,33,3
388,长安CS75 PLUS,33,3
389,长安CS85 COUPE,33,3
390,长安CS95,33,3
391,凌轩,33,3
392,长安新能源,34,1
393,长安新能源,34,2
394,奔奔EV,34,3
395,逸动ET,34,3
396,逸动EV,34,3
397,逸动PHEV,34,3
398,长安CS15EV,34,3
399,长安CS75 PHEV,34,3
400,长安欧尚,35,1
401,长安欧尚,35,2
402,欧尚E01,35,3
403,尼欧II,35,3
404,长安欧尚X70A,35,3
405,长安欧尚CX70,35,3
406,长安欧尚X7,35,3
407,长安欧尚科赛,35,3
408,长安欧尚科尚,35,3
409,长安欧尚A600,35,3
410,长安欧尚A600 EV,35,3
411,长安欧尚A800,35,3
412,欧尚长行,35,3
413,欧诺S,35,3
414,长安之星9,35,3
415,长安轻型车,36,1
416,长安轻型车,36,2
417,睿行ES30,36,3
418,睿行S50,36,3
419,睿行S50T,36,3
420,睿行M60,36,3
421,睿行M70,36,3
422,睿行M80,36,3
423,睿行EM80,36,3
424,睿行M90,36,3
425,神骐F30,36,3
426,凯程F70,36,3
427,成功,37,1
428,航天成功,37,2
429,成功V1,37,3
430,成功V2,37,3
431,成功X1,37,3
432,成功BEV6,37,3
433,长江EV,38,1
434,长江EV,38,2
435,逸酷,38,3
436,昶洧,39,1
437,昶洧,39,2
438,昶洧TP-488c,39,3
439,刺猬汽车,40,1
440,刺猬汽车,40,2
441,思迈尔,40,3
442,DS,41,1
443,长安DS,41,2
444,DS 4S,41,3
445,DS 5LS,41,3
446,DS 5,41,3
447,DS 6,41,3
448,DS 7,41,3
449,大众,42,1
450,一汽-大众,42,2
451,捷达,42,3
452,宝来,42,3
453,宝来新能源,42,3
454,高尔夫,42,3
455,高尔夫GTI,42,3
456,高尔夫新能源,42,3
457,高尔夫·嘉旅,42,3
458,C-TREK蔚领,42,3
459,速腾,42,3
460,迈腾,42,3
461,大众CC,42,3
462,T-ROC探歌,42,3
463,探岳,42,3
464,上汽大众,42,2
465,POLO,42,3
466,POLO GTI,42,3
467,新桑塔纳,42,3
468,桑塔纳·浩纳,42,3
469,朗逸两厢,42,3
470,朗逸,42,3
471,朗逸新能源,42,3
472,凌渡,42,3
473,帕萨特,42,3
474,帕萨特PHEV,42,3
475,辉昂,42,3
476,大众T-Cross,42,3
477,途岳,42,3
478,途观,42,3
479,途观L,42,3
480,途观L PHEV,42,3
481,途昂,42,3
482,途昂X,42,3
483,途安L,42,3
484,进口大众,42,2
485,甲壳虫,42,3
486,大众e-Golf,42,3
487,高尔夫旅行版,42,3
488,蔚揽,42,3
489,蔚揽GTE,42,3
490,大众Tiguan,42,3
491,途锐,42,3
492,夏朗,42,3
493,凯路威,42,3
494,迈特威,42,3
495,大众R,42,2
496,高尔夫R,42,3
497,道奇,43,1
498,进口道奇,43,2
499,酷威,43,3
500,东南,44,1
501,东南汽车,44,2
502,V3菱悦,44,3
503,V5菱致,44,3
504,V6菱仕,44,3
505,A5翼舞,44,3
506,东南DX3,44,3
507,东南DX3 EV,44,3
508,东南DX7,44,3
509,电咖,45,1
510,电咖,45,2
511,电咖·EV10,45,3
512,东风,46,1
513,郑州日产,46,2
514,帅客,46,3
515,帅客EV,46,3
516,俊风,46,3
517,锐骐6,46,3
518,锐骐皮卡,46,3
519,锐骐多功能商用车,46,3
520,东风汽车,46,2
521,俊风ER30,46,3
522,俊风E11K,46,3
523,俊风E17,46,3
524,御风S16,46,3
525,御风,46,3
526,御风P16,46,3
527,东风启辰,47,1
528,东风启辰,47,2
529,启辰e30,47,3
530,启辰D60,47,3
531,启辰D60EV,47,3
532,启辰T60,47,3
533,启辰T60EV,47,3
534,启辰T70,47,3
535,启辰T90,47,3
536,启辰M50V,47,3
537,东风风神,48,1
538,东风乘用车,48,2
539,风神EX1,48,3
540,风神A30,48,3
541,风神A60,48,3
542,奕炫,48,3
543,风神E70,48,3
544,风神L60,48,3
545,东风A9,48,3
546,风神AX3,48,3
547,风神AX4,48,3
548,风神AX5,48,3
549,风神AX7,48,3
550,风神AX7 PHEV,48,3
551,风神AX7 FCV,48,3
552,东风风行,49,1
553,风行汽车,49,2
554,景逸S50,49,3
555,风行S50 EV,49,3
556,景逸X3,49,3
557,景逸X5,49,3
558,景逸X6,49,3
559,风行SX6,49,3
560,风行T5,49,3
561,风行T5L,49,3
562,风行S500,49,3
563,风行F600,49,3
564,菱智V3,49,3
565,菱智M3,49,3
566,菱智M5,49,3
567,菱智M5 EV,49,3
568,风行M6,49,3
569,风行M7,49,3
570,风行CM7,49,3
571,东风风度,50,1
572,郑州日产,50,2
573,风度MX5,50,3
574,风度MX6,50,3
575,东风风光,51,1
576,东风小康,51,2
577,风光E3,51,3
578,风光ix5,51,3
579,风光S560,51,3
580,风光580,51,3
581,风光580 PHEV,51,3
582,风光330,51,3
583,风光370,51,3
584,东风小康,52,1
585,东风小康,52,2
586,小康C36,52,3
587,小康EC36,52,3
588,小康C37,52,3
589,小康K05S,52,3
590,小康K07S,52,3
591,东风富康,53,1
592,东风富康,53,2
593,富康ES500,53,3
594,大乘汽车,54,1
595,大乘汽车,54,2
596,大乘E20,54,3
597,大乘G60,54,3
598,大乘G60E,54,3
599,大乘G60s,54,3
600,大乘G70s,54,3
601,丰田,55,1
602,广汽丰田,55,2
603,YARiS L 致炫,55,3
604,YARiS L 致享,55,3
605,雷凌,55,3
606,雷凌双擎E+,55,3
607,凯美瑞,55,3
608,丰田C-HR,55,3
609,丰田C-HR EV,55,3
610,汉兰达,55,3
611,一汽丰田,55,2
612,威驰,55,3
613,威驰FS,55,3
614,卡罗拉,55,3
615,卡罗拉双擎,55,3
616,卡罗拉双擎E+,55,3
617,皇冠,55,3
618,亚洲龙,55,3
619,奕泽 IZOA,55,3
620,奕泽 IZOA EV,55,3
621,RAV4荣放,55,3
622,普拉多,55,3
623,进口丰田,55,2
624,丰田86,55,3
625,普瑞维亚,55,3
626,威尔法,55,3
627,埃尔法,55,3
628,福特,56,1
629,长安福特,56,2
630,福睿斯,56,3
631,福克斯两厢,56,3
632,福克斯三厢,56,3
633,蒙迪欧,56,3
634,蒙迪欧插电混动版,56,3
635,金牛座,56,3
636,翼搏,56,3
637,翼虎,56,3
638,ESCAPE,56,3
639,锐界,56,3
640,江铃福特,56,2
641,领界,56,3
642,撼路者,56,3
643,途睿欧,56,3
644,新全顺,56,3
645,新世代全顺,56,3
646,进口福特,56,2
647,福克斯ST,56,3
648,福克斯RS,56,3
649,Mustang,56,3
650,福特GT,56,3
651,探险者,56,3
652,福特Ranger,56,3
653,福特F-150,56,3
654,菲亚特,57,1
655,广汽菲亚特,57,2
656,菲翔,57,3
657,致悦,57,3
658,法拉利,58,1
659,法拉利,58,2
660,Portofino,58,3
661,California T,58,3
662,法拉利488,58,3
663,GTC4Lusso,58,3
664,812 Superfast,58,3
665,SF90 Stradale,58,3
666,F8 Tributo,58,3
667,F12 berlinetta,58,3
668,福田,59,1
669,福田汽车,59,2
670,风景V3,59,3
671,风景V5,59,3
672,风景V5纯电动,59,3
673,风景,59,3
674,风景G7,59,3
675,风景G9,59,3
676,蒙派克,59,3
677,图雅诺,59,3
678,萨普,59,3
679,福田乘用车,60,1
680,福田汽车,60,2
681,迦途GT,60,3
682,萨瓦纳,60,3
683,伽途ix5,60,3
684,伽途ix7,60,3
685,伽途im6,60,3
686,伽途im8,60,3
687,拓陆者,60,3
688,福迪,61,1
689,福迪汽车,61,2
690,揽福,61,3
691,雄狮F16,61,3
692,雄狮F22,61,3
693,福汽启腾,62,1
694,新龙马,62,2
695,启腾V60,62,3
696,启腾EX80,62,3
697,启腾M70,62,3
698,启腾M70EV,62,3
699,法拉第未来,63,1
700,法拉第未来,63,2
701,FF91,63,3
702,观致,64,1
703,观致汽车,64,2
704,观致3轿车,64,3
705,观致3 EV,64,3
706,观致3五门版,64,3
707,观致3都市SUV,64,3
708,观致5 SUV,64,3
709,Model Young,64,3
710,广汽传祺,65,1
711,广汽乘用车,65,2
712,传祺GA4,65,3
713,传祺GA6,65,3
714,传祺GA8,65,3
715,传祺GS3,65,3
716,传祺GS4,65,3
717,传祺GS5,65,3
718,传祺GS7,65,3
719,传祺GS8,65,3
720,传祺GM6,65,3
721,传祺GM8,65,3
722,广汽新能源,66,1
723,广汽新能源,66,2
724,传祺Aion S,66,3
725,传祺GE3,66,3
726,传祺GA3S PHEV,66,3
727,传祺GS4 PHEV,66,3
728,广汽集团,67,1
729,广汽丰田,67,2
730,广汽丰田ix4,67,3
731,广汽本田,67,2
732,世锐PHEV,67,3
733,国金汽车,68,1
734,国金汽车,68,2
735,国金GM3,68,3
736,国机智骏,69,1
737,国机智骏,69,2
738,GC1,69,3
739,GC2,69,3
740,GX5,69,3
741,GMC,70,1
742,GMC,70,2
743,YUKON,70,3
744,SAVANA,70,3
745,SIERRA,70,3
746,哈弗,71,1
747,长城汽车,71,2
748,哈弗H1,71,3
749,哈弗H2,71,3
750,哈弗H2S,71,3
751,哈弗H4,71,3
752,哈弗H5,71,3
753,哈弗M6,71,3
754,哈弗H6,71,3
755,哈弗H6 Coupe,71,3
756,哈弗H7,71,3
757,哈弗H8,71,3
758,哈弗H9,71,3
759,哈弗F5,71,3
760,哈弗F7,71,3
761,哈弗F7x,71,3
762,海马,72,1
763,海马汽车,72,2
764,海马M3,72,3
765,海马M6,72,3
766,海马S5,72,3
767,海马S5青春版,72,3
768,海马8S,72,3
769,海马新能源,72,2
770,爱尚EV,72,3
771,海马E3,72,3
772,一汽海马,72,2
773,福美来轿车,72,3
774,福美来F5,72,3
775,海马M8,72,3
776,福美来F7,72,3
777,海马S7,72,3
778,红旗,73,1
779,一汽红旗,73,2
780,红旗H5,73,3
781,红旗H7,73,3
782,红旗H7 PHEV,73,3
783,红旗L5,73,3
784,红旗E-HS3,73,3
785,红旗HS5,73,3
786,红旗HS7,73,3
787,华泰,74,1
788,华泰汽车,74,2
789,路盛S5,74,3
790,圣达菲5,74,3
791,圣达菲7,74,3
792,华泰新能源,75,1
793,华泰汽车,75,2
794,路盛S1 iEV360,75,3
795,路盛S1 EV160B,75,3
796,路盛S1 EV160R,75,3
797,路盛S5 EV,75,3
798,圣达菲2 EV,75,3
799,圣达菲5 EV,75,3
800,圣达菲7 EV,75,3
801,华颂,76,1
802,华颂,76,2
803,华颂7,76,3
804,汉腾汽车,77,1
805,汉腾汽车,77,2
806,幸福e+,77,3
807,汉腾X5,77,3
808,汉腾X5 EV,77,3
809,汉腾X7,77,3
810,汉腾X7 PHEV,77,3
811,汉腾X8,77,3
812,汉腾V7,77,3
813,红星汽车,78,1
814,红星汽车,78,2
815,闪闪X2,78,3
816,黄海,79,1
817,黄海汽车,79,2
818,黄海N1,79,3
819,黄海N1S,79,3
820,黄海N2,79,3
821,黄海N3,79,3
822,黄海N7北美版,79,3
823,大柴神至尊版,79,3
824,恒天,80,1
825,恒天,80,2
826,途腾T1,80,3
827,途腾T2,80,3
828,途腾T3,80,3
829,海格,81,1
830,苏州金龙,81,2
831,海格H5V,81,3
832,海格H5C,81,3
833,华骐,82,1
834,东风悦达起亚,82,2
835,华骐300E,82,3
836,合创,83,1
837,广汽蔚来,83,2
838,合创概念车,83,3
839,合众新能源,84,1
840,合众新能源,84,2
841,合众E-TAKE,84,3
842,合众U,84,3
843,Jeep,85,1
844,广汽菲克,85,2
845,自由侠,85,3
846,指南者,85,3
847,自由光,85,3
848,指挥官,85,3
849,大指挥官,85,3
850,大指挥官PHEV,85,3
851,进口Jeep,85,2
852,牧马人,85,3
853,大切诺基,85,3
854,吉利,86,1
855,吉利汽车,86,2
856,金刚,86,3
857,远景,86,3
858,帝豪,86,3
859,帝豪EV,86,3
860,帝豪PHEV,86,3
861,帝豪GL,86,3
862,帝豪GL PHEV,86,3
863,缤瑞,86,3
864,博瑞,86,3
865,博瑞GE,86,3
866,博瑞GE PHEV,86,3
867,远景X1,86,3
868,远景X3,86,3
869,远景S1,86,3
870,远景SUV,86,3
871,帝豪GS,86,3
872,帝豪GSe,86,3
873,缤越,86,3
874,缤越PHEV,86,3
875,博越,86,3
876,星越,86,3
877,星越PHEV,86,3
878,嘉际,86,3
879,嘉际PHEV,86,3
880,几何,87,1
881,几何汽车,87,2
882,几何A,87,3
883,捷豹,88,1
884,奇瑞捷豹,88,2
885,捷豹XEL,88,3
886,捷豹XFL,88,3
887,捷豹E-PACE,88,3
888,进口捷豹,88,2
889,捷豹XE,88,3
890,捷豹XF Sportbrake,88,3
891,捷豹XJ,88,3
892,捷豹F-PACE,88,3
893,捷豹I-PACE,88,3
894,捷豹F-TYPE,88,3
895,捷达,89,1
896,一汽-大众,89,2
897,捷达VA3,89,3
898,捷达VS5,89,3
899,捷达VS7,89,3
900,捷途,90,1
901,奇瑞汽车,90,2
902,捷途X70,90,3
903,捷途X70S EV,90,3
904,捷途X90,90,3
905,捷途X95,90,3
906,江淮,91,1
907,江淮汽车,91,2
908,江淮iEV6E,91,3
909,江淮iEV7L,91,3
910,江淮iEVA50,91,3
911,江淮iEVA60,91,3
912,江淮IEV7S,91,3
913,江淮iEVS4,91,3
914,瑞风A60,91,3
915,瑞风S2,91,3
916,瑞风S3,91,3
917,瑞风S4,91,3
918,瑞风S5,91,3
919,瑞风S7,91,3
920,瑞风R3,91,3
921,瑞风M3,91,3
922,瑞风M4,91,3
923,瑞风M5,91,3
924,瑞风M6,91,3
925,星锐,91,3
926,江淮V7,91,3
927,帅铃T6,91,3
928,帅铃T8,91,3
929,奇点,92,1
930,奇点汽车,92,2
931,奇点iC3,92,3
932,奇点iS6,92,3
933,金杯,93,1
934,华晨华瑞,93,2
935,智尚S35,93,3
936,金杯S70,93,3
937,金典,93,3
938,大力神K5,93,3
939,华晨鑫源,93,2
940,金杯750,93,3
941,小海狮,93,3
942,新海狮,93,3
943,新海狮S,93,3
944,华晨雷诺,93,2
945,观境,93,3
946,领坤EV,93,3
947,金杯F50,93,3
948,第五代海狮,93,3
949,新海狮,93,3
950,大海狮,93,3
951,阁瑞斯,93,3
952,君马,94,1
953,君马汽车,94,2
954,君马S70,94,3
955,君马MEET 3,94,3
956,君马SEEK 5,94,3
957,江铃,95,1
958,江铃汽车,95,2
959,宝典,95,3
960,域虎3,95,3
961,域虎5,95,3
962,域虎7,95,3
963,域虎9,95,3
964,域虎EV,95,3
965,特顺,95,3
966,江铃集团轻汽,96,1
967,江铃集团轻汽,96,2
968,骐铃T100,96,3
969,骐铃T5,96,3
970,骐铃T7,96,3
971,骐铃T15,96,3
972,江铃集团新能源,97,1
973,江铃集团新能源,97,2
974,江铃E100B,97,3
975,江铃E160L,97,3
976,江铃E200L,97,3
977,江铃E200N,97,3
978,易至EV3,97,3
979,江铃E400,97,3
980,九龙,98,1
981,九龙汽车,98,2
982,艾菲,98,3
983,九龙A4,98,3
984,九龙A5,98,3
985,九龙A5S,98,3
986,九龙A6,98,3
987,金龙,99,1
988,金龙客车,99,2
989,金威,99,3
990,凯锐浩克,99,3
991,凯歌,99,3
992,凯特,99,3
993,Karma,100,1
994,Karma,100,2
995,Revero,100,3
996,Revero GT,100,3
997,凯迪拉克,101,1
998,上汽通用凯迪拉克,101,2
999,凯迪拉克ATS-L,101,3
1000,凯迪拉克XTS,101,3
1001,凯迪拉克CT6,101,3
1002,凯迪拉克XT4,101,3
1003,凯迪拉克XT5,101,3
1004,凯迪拉克XT6,101,3
1005,进口凯迪拉克,101,2
1006,凯雷德,101,3
1007,克莱斯勒,102,1
1008,进口克莱斯勒,102,2
1009,300C,102,3
1010,大捷龙,102,3
1011,大捷龙PHEV,102,3
1012,凯翼,103,1
1013,凯翼,103,2
1014,凯翼C3,103,3
1015,凯翼C3R,103,3
1016,凯翼E3,103,3
1017,凯翼X3,103,3
1018,凯翼V3,103,3
1019,凯翼X5,103,3
1020,开瑞,104,1
1021,开瑞汽车,104,2
1022,开瑞K50,104,3
1023,开瑞K50S,104,3
1024,开瑞K50EV,104,3
1025,开瑞K60,104,3
1026,开瑞K60EV,104,3
1027,优优EV,104,3
1028,卡威,105,1
1029,卡威汽车,105,2
1030,悍马纯电动,105,3
1031,路易斯,105,3
1032,卡威K1,105,3
1033,卡威K150GT,105,3
1034,LITE,106,1
1035,北汽新能源,106,2
1036,LITE,106,3
1037,铃木,107,1
1038,长安铃木,107,2
1039,奥拓,107,3
1040,雨燕,107,3
1041,天语 SX4,107,3
1042,启悦,107,3
1043,骁途,107,3
1044,维特拉,107,3
1045,昌河铃木,107,2
1046,北斗星,107,3
1047,北斗星X5,107,3
1048,进口铃木,107,2
1049,英格尼斯,107,3
1050,吉姆尼,107,3
1051,超级维特拉,107,3
1052,路虎,108,1
1053,奇瑞路虎,108,2
1054,发现神行,108,3
1055,揽胜极光,108,3
1056,进口路虎,108,2
1057,揽胜极光,108,3
1058,揽胜星脉,108,3
1059,发现,108,3
1060,揽胜运动版,108,3
1061,揽胜运动版P400e,108,3
1062,揽胜,108,3
1063,揽胜P400e,108,3
1064,雷诺,109,1
1065,东风雷诺,109,2
1066,科雷嘉,109,3
1067,科雷傲,109,3
1068,雷诺e诺,109,3
1069,进口雷诺,109,2
1070,风朗,109,3
1071,卡缤,109,3
1072,Espace,109,3
1073,达斯特,109,3
1074,陆风,110,1
1075,陆风汽车,110,2
1076,陆风X2,110,3
1077,逍遥,110,3
1078,陆风荣曜,110,3
1079,陆风X5,110,3
1080,陆风X7,110,3
1081,陆风X8,110,3
1082,林肯,111,1
1083,林肯,111,2
1084,MKZ,111,3
1085,大陆,111,3
1086,MKC,111,3
1087,航海家,111,3
1088,MKX,111,3
1089,领航员,111,3
1090,飞行家,111,3
1091,飞行家PHEV,111,3
1092,领克,112,1
1093,领克汽车,112,2
1094,领克01,112,3
1095,领克01 PHEV,112,3
1096,领克02,112,3
1097,领克02 PHEV,112,3
1098,领克03,112,3
1099,领克03 PHEV,112,3
1100,力帆,113,1
1101,重庆力帆,113,2
1102,力帆650,113,3
1103,力帆650EV,113,3
1104,力帆820,113,3
1105,力帆820EV,113,3
1106,力帆X50,113,3
1107,力帆X60,113,3
1108,力帆X80,113,3
1109,迈威,113,3
1110,迈威EV,113,3
1111,乐途,113,3
1112,轩朗,113,3
1113,理念,114,1
1114,理念汽车,114,2
1115,理念VE-1,114,3
1116,理想汽车,115,1
1117,理想汽车,115,2
1118,理想ONE,115,3
1119,猎豹汽车,116,1
1120,猎豹汽车,116,2
1121,猎豹CS9,116,3
1122,猎豹CS9 EV,116,3
1123,猎豹CS10,116,3
1124,猎豹Coupe,116,3
1125,Mattu,116,3
1126,黑金刚,116,3
1127,猎豹Q6,116,3
1128,猎豹CT7,116,3
1129,缤歌,116,3
1130,雷克萨斯,117,1
1131,雷克萨斯,117,2
1132,雷克萨斯CT,117,3
1133,雷克萨斯IS,117,3
1134,雷克萨斯ES,117,3
1135,雷克萨斯GS,117,3
1136,雷克萨斯LS,117,3
1137,雷克萨斯RC,117,3
1138,雷克萨斯LC,117,3
1139,雷克萨斯UX,117,3
1140,雷克萨斯NX,117,3
1141,雷克萨斯RX,117,3
1142,雷克萨斯LX,117,3
1143,雷克萨斯LM,117,3
1144,劳斯莱斯,118,1
1145,劳斯莱斯,118,2
1146,古思特,118,3
1147,幻影,118,3
1148,魅影,118,3
1149,曜影,118,3
1150,库里南,118,3
1151,兰博基尼,119,1
1152,兰博基尼,119,2
1153,Urus,119,3
1154,Huracan,119,3
1155,Aventador,119,3
1156,Centenario,119,3
1157,路特斯,120,1
1158,路特斯,120,2
1159,Elise,120,3
1160,Exige,120,3
1161,Evora,120,3
1162,零跑汽车,121,1
1163,零跑汽车,121,2
1164,零跑S01,121,3
1165,零跑C-more,121,3
1166,领途汽车,122,1
1167,领途汽车,122,2
1168,领途E行,122,3
1169,领途K-ONE,122,3
1170,陆地方舟,123,1
1171,陆地方舟,123,2
1172,威途X35,123,3
1173,名爵,124,1
1174,上汽集团,124,2
1175,名爵3,124,3
1176,锐行,124,3
1177,名爵6,124,3
1178,名爵6新能源,124,3
1179,名爵6 XPOWER TCR赛车,124,3
1180,名爵ZS,124,3
1181,名爵EZS,124,3
1182,锐腾,124,3
1183,名爵HS,124,3
1184,MINI,125,1
1185,MINI,125,2
1186,MINI 3-DOOR,125,3
1187,MINI 5-DOOR,125,3
1188,MINI CABRIO,125,3
1189,MINI CLUBMAN,125,3
1190,MINI COUNTRYMAN,125,3
1191,MINI JCW,125,2
1192,MINI JCW,125,3
1193,MINI JCW CLUBMAN,125,3
1194,MINI JCW COUNTRYMAN,125,3
1195,马自达,126,1
1196,一汽马自达,126,2
1197,阿特兹,126,3
1198,马自达CX-4,126,3
1199,长安马自达,126,2
1200,昂克赛拉两厢,126,3
1201,昂克赛拉三厢,126,3
1202,马自达CX-5,126,3
1203,马自达CX-8,126,3
1204,进口马自达,126,2
1205,马自达CX-3,126,3
1206,马自达MX-5,126,3
1207,迈凯伦,127,1
1208,迈凯伦,127,2
1209,迈凯伦540C,127,3
1210,迈凯伦570S,127,3
1211,迈凯伦570GT,127,3
1212,迈凯伦600LT,127,3
1213,迈凯伦720S,127,3
1214,塞纳,127,3
1215,玛莎拉蒂,128,1
1216,玛莎拉蒂,128,2
1217,Ghibli,128,3
1218,总裁,128,3
1219,Levante,128,3
1220,GranTurismo,128,3
1221,GranCabrio,128,3
1222,摩根,129,1
1223,摩根,129,2
1224,3-Wheeler,129,3
1225,摩根4-4,129,3
1226,摩根Plus 4,129,3
1227,摩根Plus 8,129,3
1228,摩根Aero,129,3
1229,摩根Aero 8,129,3
1230,摩根Roadster,129,3
1231,哪吒汽车,130,1
1232,合众新能源,130,2
1233,哪吒N01,130,3
1234,纳智捷,131,1
1235,东风裕隆,131,2
1236,锐3,131,3
1237,纳5,131,3
1238,U5 SUV,131,3
1239,U5 EV,131,3
1240,优6 SUV,131,3
1241,纳智捷URX,131,3
1242,大7 MPV,131,3
1243,NEVS,132,1
1244,国能汽车,132,2
1245,NEVS 9-3,132,3
1246,NEVS 9-3X,132,3
1247,讴歌,133,1
1248,广汽讴歌,133,2
1249,讴歌TLX-L,133,3
1250,讴歌CDX,133,3
1251,讴歌RDX,133,3
1252,进口讴歌,133,2
1253,讴歌MDX,133,3
1254,讴歌NSX,133,3
1255,欧拉,134,1
1256,欧拉,134,2
1257,欧拉R1,134,3
1258,欧拉R2,134,3
1259,欧拉iQ,134,3
1260,欧联汽车,135,1
1261,广马汽车,135,2
1262,欧联M1,135,3
1263,Polestar极星,136,1
1264,Polestar,136,2
1265,Polestar 1,136,3
1266,Polestar 2,136,3
1267,起亚,137,1
1268,东风悦达起亚,137,2
1269,KX CROSS,137,3
1270,焕驰,137,3
1271,起亚K2,137,3
1272,福瑞迪,137,3
1273,起亚K3,137,3
1274,起亚K3 PHEV,137,3
1275,凯绅,137,3
1276,起亚K4,137,3
1277,起亚K5,137,3
1278,起亚K5 PHEV,137,3
1279,奕跑,137,3
1280,智跑,137,3
1281,起亚KX3,137,3
1282,起亚KX3 EV,137,3
1283,起亚KX5,137,3
1284,起亚KX7,137,3
1285,进口起亚,137,2
1286,起亚K9,137,3
1287,斯汀格,137,3
1288,极睿,137,3
1289,索兰托L,137,3
1290,霸锐,137,3
1291,佳乐,137,3
1292,嘉华,137,3
1293,奇瑞,138,1
1294,奇瑞,138,2
1295,奇瑞eQ1,138,3
1296,艾瑞泽5,138,3
1297,艾瑞泽5e,138,3
1298,艾瑞泽GX,138,3
1299,艾瑞泽7,138,3
1300,瑞虎e,138,3
1301,瑞虎3X,138,3
1302,瑞虎3xe,138,3
1303,瑞虎3,138,3
1304,瑞虎5x,138,3
1305,瑞虎5,138,3
1306,瑞虎7,138,3
1307,瑞虎8,138,3
1308,前途,139,1
1309,前途汽车,139,2
1310,前途K50,139,3
1311,前途K20,139,3
1312,前途K25,139,3
1313,全球鹰,140,1
1314,康迪全球鹰,140,2
1315,全球鹰EX3,140,3
1316,全球鹰K12,140,3
1317,全球鹰K17,140,3
1318,全球鹰K27,140,3
1319,清源汽车,141,1
1320,清源汽车,141,2
1321,清源小尊,141,3
1322,清源尊者,141,3
1323,庆铃汽车,142,1
1324,庆铃汽车,142,2
1325,庆铃TAGA,142,3
1326,乔治·巴顿,143,1
1327,乔治·巴顿,143,2
1328,战剑,143,3
1329,战车,143,3
1330,日产,144,1
1331,东风日产,144,2
1332,玛驰,144,3
1333,骊威,144,3
1334,阳光,144,3
1335,骐达,144,3
1336,新蓝鸟,144,3
1337,轩逸,144,3
1338,轩逸经典,144,3
1339,轩逸·纯电,144,3
1340,天籁,144,3
1341,西玛,144,3
1342,劲客,144,3
1343,逍客,144,3
1344,途达,144,3
1345,奇骏,144,3
1346,楼兰,144,3
1347,郑州日产,144,2
1348,途达,144,3
1349,日产NV200,144,3
1350,纳瓦拉,144,3
1351,进口日产,144,2
1352,途乐,144,3
1353,贵士,144,3
1354,日产370Z,144,3
1355,日产GT-R,144,3
1356,碧莲,144,3
1357,荣威,145,1
1358,上汽集团,145,2
1359,荣威360,145,3
1360,荣威i5,145,3
1361,荣威Ei5,145,3
1362,荣威i6,145,3
1363,荣威ei6,145,3
1364,荣威950,145,3
1365,荣威e950,145,3
1366,荣威RX3,145,3
1367,荣威RX5,145,3
1368,荣威eRX5,145,3
1369,荣威ERX5,145,3
1370,荣威RX8,145,3
1371,荣威MAX,145,3
1372,荣威MARVEL X,145,3
1373,瑞迈,146,1
1374,江西五十铃,146,2
1375,瑞迈,146,3
1376,如虎,147,1
1377,如虎,147,2
1378,如虎RXL,147,3
1379,如虎Rt 12 R,147,3
1380,如虎CTR 3,147,3
1381,smart,148,1
1382,smart,148,2
1383,smart fortwo,148,3
1384,smart forfour,148,3
1385,SERES,149,1
1386,金康SERES,149,2
1387,SF5,149,3
1388,SF7,149,3
1389,三菱,150,1
1390,进口三菱,150,2
1391,帕杰罗,150,3
1392,广汽三菱,150,2
1393,劲炫,150,3
1394,奕歌,150,3
1395,欧蓝德,150,3
1396,祺智EV,150,3
1397,祺智PHEV,150,3
1398,思铭,151,1
1399,东风本田,151,2
1400,思铭X-NV,151,3
1401,斯柯达,152,1
1402,上汽斯柯达,152,2
1403,晶锐,152,3
1404,昕动,152,3
1405,昕锐,152,3
1406,明锐,152,3
1407,明锐旅行车,152,3
1408,速派,152,3
1409,柯米克,152,3
1410,柯珞克,152,3
1411,柯迪亚克,152,3
1412,柯迪亚克GT,152,3
1413,斯巴鲁,153,1
1414,进口斯巴鲁,153,2
1415,力狮,153,3
1416,斯巴鲁XV,153,3
1417,森林人,153,3
1418,傲虎,153,3
1419,斯巴鲁BRZ,153,3
1420,斯威汽车,154,1
1421,华晨鑫源,154,2
1422,斯威G01,154,3
1423,斯威G05,154,3
1424,斯威X2,154,3
1425,斯威X3,154,3
1426,斯威X7,154,3
1427,斯威G01 EV,154,3
1428,思皓SOL,155,1
1429,江淮大众,155,2
1430,SOL E20X,155,3
1431,上汽大通,156,1
1432,上汽大通,156,2
1433,大通D60,156,3
1434,大通D60e,156,3
1435,大通D90,156,3
1436,大通G50,156,3
1437,大通EG50,156,3
1438,大通G10,156,3
1439,大通EG10,156,3
1440,大通G20,156,3
1441,大通V80,156,3
1442,大通FCV80,156,3
1443,大通V90,156,3
1444,大通T60,156,3
1445,大通T70,156,3
1446,大通EV30,156,3
1447,双龙,157,1
1448,双龙,157,2
1449,主席,157,3
1450,蒂维拉,157,3
1451,柯兰多,157,3
1452,途凌,157,3
1453,爱腾,157,3
1454,雷斯特,157,3
1455,雷斯特W,157,3
1456,路帝,157,3
1457,斯达泰克,158,1
1458,斯达泰克,158,2
1459,斯达泰克卫士,158,3
1460,赛麟,159,1
1461,赛麟,159,2
1462,赛麟S1,159,3
1463,赛麟,159,2
1464,迈迈,159,3
1465,陕西通家,160,1
1466, 陕西通家,160,2
1467,电牛二号,160,3
1468,腾势,161,1
1469,腾势,161,2
1470,腾势,161,3
1471,特斯拉,162,1
1472,特斯拉中国,162,2
1473,Model 3,162,3
1474,进口特斯拉,162,2
1475,Model 3,162,3
1476,Model S,162,3
1477,Model X,162,3
1478,Model Y,162,3
1479,泰克鲁斯·腾风,163,1
1480,泰克鲁斯·腾风,163,2
1481,GT96 TREV,163,3
1482,天际汽车,164,1
1483,天际汽车,164,2
1484,天际ME7,164,3
1485,天际ME-S,164,3
1486,WEY,165,1
1487,长城汽车,165,2
1488,WEY VV5,165,3
1489,WEY VV6,165,3
1490,WEY VV7,165,3
1491,WEY P8,165,3
1492,五菱,166,1
1493,上汽通用五菱,166,2
1494,宏光S3,166,3
1495,宏光,166,3
1496,宏光V,166,3
1497,荣光,166,3
1498,荣光V,166,3
1499,五菱之光,166,3
1500,五菱之光V,166,3
1501,沃尔沃,167,1
1502,沃尔沃亚太,167,2
1503,沃尔沃S60L,167,3
1504,沃尔沃S60L E驱混动,167,3
1505,沃尔沃S90,167,3
1506,沃尔沃S90 E驱混动,167,3
1507,沃尔沃XC40,167,3
1508,沃尔沃XC60,167,3
1509,沃尔沃XC60 E驱混动,167,3
1510,进口沃尔沃,167,2
1511,沃尔沃V40,167,3
1512,沃尔沃S60,167,3
1513,沃尔沃S60 Polestar,167,3
1514,沃尔沃V60,167,3
1515,沃尔沃V60 Polestar,167,3
1516,沃尔沃V90,167,3
1517,沃尔沃XC40,167,3
1518,沃尔沃XC90,167,3
1519,沃尔沃XC90 E驱混动,167,3
1520,五十铃,168,1
1521,江西五十铃,168,2
1522,铃拓,168,3
1523,D-MAX,168,3
1524,mu-X牧游侠,168,3
1525,潍柴英致,169,1
1526,潍柴汽车,169,2
1527,英致EX1,169,3
1528,英致G3,169,3
1529,英致G5,169,3
1530,英致727,169,3
1531,英致737,169,3
1532,英致737EV,169,3
1533,蔚来汽车,170,1
1534,蔚来汽车,170,2
1535,蔚来ET,170,3
1536,蔚来ES6,170,3
1537,蔚来ES8,170,3
1538,蔚来EP9,170,3
1539,威马汽车,171,1
1540,威马汽车,171,2
1541,威马EX5,171,3
1542,威马EX6,171,3
1543,现代,172,1
1544,北京现代,172,2
1545,瑞纳,172,3
1546,悦纳,172,3
1547,悦纳RV,172,3
1548,伊兰特EV,172,3
1549,悦动,172,3
1550,逸行,172,3
1551,领动,172,3
1552,领动PHEV,172,3
1553,菲斯塔,172,3
1554,名图,172,3
1555,索纳塔,172,3
1556,索纳塔PHEV,172,3
1557,ENCINO 昂希诺,172,3
1558,昂希诺纯电动,172,3
1559,现代ix25,172,3
1560,现代ix35,172,3
1561,途胜,172,3
1562,胜达,172,3
1563,进口现代,172,2
1564,Veloster飞思,172,3
1565,雅尊,172,3
1566,捷恩斯,172,3
1567,格越,172,3
1568,H-1辉翼,172,3
1569,四川现代,172,2
1570,康恩迪,172,3
1571,雪佛兰,173,1
1572,上汽通用雪佛兰,173,2
1573,赛欧3,173,3
1574,乐风RV,173,3
1575,科沃兹,173,3
1576,新科鲁兹,173,3
1577,新科鲁兹两厢,173,3
1578,科鲁泽,173,3
1579,沃兰多,173,3
1580,迈锐宝XL,173,3
1581,创酷,173,3
1582,创界,173,3
1583,探界者,173,3
1584,进口雪佛兰,173,2
1585,科迈罗,173,3
1586,科尔维特,173,3
1587,库罗德,173,3
1588,索罗德,173,3
1589,雪铁龙,174,1
1590,东风雪铁龙,174,2
1591,爱丽舍,174,3
1592,C4世嘉,174,3
1593,雪铁龙C4L,174,3
1594,雪铁龙C5,174,3
1595,雪铁龙C6,174,3
1596,雪铁龙C3-XR,174,3
1597,云逸 C4 AIRCROSS,174,3
1598,天逸 C5 AIRCROSS,174,3
1599,进口雪铁龙,174,2
1600,C4 PICASSO,174,3
1601,新特,175,1
1602,新特,175,2
1603,新特DEV1,175,3
1604,鑫源新能源,176,1
1605,华晨鑫源,176,2
1606,新海狮EV,176,3
1607,小鹏汽车,177,1
1608,小鹏汽车,177,2
1609,小鹏汽车G3,177,3
1610,小鹏汽车P7,177,3
1611,星途,178,1
1612,星途,178,2
1613,星途-LX,178,3
1614,星途-TX,178,3
1615,英菲尼迪,179,1
1616,东风英菲尼迪,179,2
1617,英菲尼迪Q50L,179,3
1618,英菲尼迪QX50,179,3
1619,进口英菲尼迪,179,2
1620,英菲尼迪Q50,179,3
1621,英菲尼迪Q60,179,3
1622,英菲尼迪Q70L,179,3
1623,英菲尼迪ESQ,179,3
1624,英菲尼迪QX30,179,3
1625,英菲尼迪QX60,179,3
1626,英菲尼迪QX70,179,3
1627,英菲尼迪QX80,179,3
1628,驭胜,180,1
1629,江铃汽车,180,2
1630,驭胜S330,180,3
1631,驭胜S350,180,3
1632,一汽,181,1
1633,天津一汽,181,2
1634,威志V5,181,3
1635,夏利N5,181,3
1636,夏利N7,181,3
1637,骏派A50,181,3
1638,骏派A70,181,3
1639,骏派A70E,181,3
1640,骏派CX65,181,3
1641,骏派D60,181,3
1642,骏派D80,181,3
1643,一汽吉林,181,2
1644,森雅R7,181,3
1645,森雅R7 EV,181,3
1646,森雅R8,181,3
1647,森雅R9,181,3
1648,佳宝V75,181,3
1649,佳宝V77,181,3
1650,佳宝V80,181,3
1651,一汽红塔,181,2
1652,蓝舰T340,181,3
1653,野马汽车,182,1
1654,野马汽车,182,2
1655,博骏,182,3
1656,野马EC60,182,3
1657,野马T70,182,3
1658,野马T80,182,3
1659,斯派卡,182,3
1660,野马EC70,182,3
1661,野马EC30,182,3
1662,依维柯,183,1
1663,南京依维柯,183,2
1664,Daily欧胜,183,3
1665,裕路汽车,184,1
1666,裕路汽车,184,2
1667,裕路EV2,184,3
1668,云度,185,1
1669,云度,185,2
1670,云度π1,185,3
1671,云度π3,185,3
1672,云度π7,185,3
1673,云雀汽车,186,1
1674,云雀汽车,186,2
1675,云雀Q1,186,3
1676,中华,187,1
1677,华晨中华,187,2
1678,中华H230EV,187,3
1679,中华H3,187,3
1680,中华H530,187,3
1681,中华V3,187,3
1682,中华V6,187,3
1683,中华V7,187,3
1684,众泰,188,1
1685,众泰汽车,188,2
1686,芝麻,188,3
1687,云100,188,3
1688,众泰E200,188,3
1689,众泰Z360,188,3
1690,众泰Z500EV,188,3
1691,众泰Z560,188,3
1692,众泰Z700H,188,3
1693,众泰T300,188,3
1694,众泰T300EV,188,3
1695,众泰T500,188,3
1696,众泰T600,188,3
1697,众泰T600 Coupe,188,3
1698,众泰T700,188,3
1699,众泰T800,188,3
1700,众泰SR7,188,3
1701,众泰SR9,188,3
1702,大迈X5,188,3
1703,大迈X7,188,3
1704,众泰A16,188,3
1705,中兴,189,1
1706,广汽中兴,189,2
1707,中兴C3,189,3
1708,中兴GX3,189,3
1709,中兴汽车,189,2
1710,小老虎,189,3
1711,威虎,189,3
1712,领主,189,3
1713,之诺,190,1
1714,华晨宝马,190,2
1715,之诺60H,190,3
1716,之诺1E,190,3
1717,知豆,191,1
1718,知豆电动车,191,2
1719,知豆D2,191,3
1720,知豆D2S,191,3
1721,知豆D3,191,3
1722,正道,192,1
1723,正道,192,2
1724,正道GT,192,3
1725,正道H500,192,3
1726,正道H600,192,3
1727,正道K350,192,3
1728,正道K550,192,3
1729,正道K750,192,3
